{"stat.pickup.minecraft.bone":29,"stat.pickup.minecraft.wooden_slab":50,"stat.leaveGame":1,"stat.mineBlock.minecraft.cobblestone":34,"stat.mineBlock.minecraft.pumpkin":1,"stat.pickup.natura.overworld_logs2":1,"stat.pickup.minecraft.stone_pickaxe":1,"stat.mineBlock.minecraft.yellow_flower":8,"stat.pickup.traverse.yellow_autumnal_sapling":3,"stat.mineBlock.traverse.yellow_autumnal_leaves":5,"stat.mineBlock.horsepower.chopping_block":2,"stat.swimOneCm":21650,"stat.pickup.immcraft.shelf":2,"stat.useItem.minecraft.planks":17,"stat.pickup.primal.flint_point":6,"stat.drop.primal.rush_stems":5,"stat.pickup.minecraft.porkchop":1,"stat.pickup.primal.barrel":1,"stat.useItem.minecraft.dirt":105,"stat.useItem.primal.flint_hatchet":43,"stat.pickup.traverse.red_autumnal_sapling":1,"stat.pickup.minecraft.rotten_flesh":10,"stat.pickup.natura.materials":2,"stat.pickup.minecraft.cobblestone":170,"stat.mineBlock.minecraft.wooden_slab":9,"stat.pickup.ferdinandsflowers.block_cff_fungus":16,"stat.mineBlock.minecraft.clay":29,"stat.mineBlock.chisel.limestone2":2,"stat.useItem.minecraft.stone_shovel":106,"stat.flyOneCm":144488,"stat.pickup.rustic.honeycomb":3,"stat.mineBlock.rustic.log":1,"stat.pickup.minecraft.fish":5,"stat.mineBlock.traverse.brown_autumnal_leaves":4,"stat.pickup.primal.sharp_bone":3,"stat.pickup.progressiontweaks.spear":6,"stat.timeSinceDeath":129653,"stat.useItem.minecraft.wooden_slab":37,"stat.pickup.minecraft.mutton":1,"stat.pickup.traverse.orange_autumnal_sapling":3,"stat.mineBlock.chisel.marble2":1,"stat.pickup.rustic.wildberries":9,"stat.killEntity.ZombieVillager":1,"stat.drop.minecraft.beetroot_seeds":2,"stat.talkedToVillager":2,"stat.pickup.minecraft.string":8,"stat.mineBlock.minecraft.grass":15,"stat.pickup.primal.pelt_pig":1,"stat.mineBlock.minecraft.ladder":5,"stat.pickup.minecraft.beef":1,"stat.craftItem.primal_tech.work_stump":1,"stat.killEntity.Squid":1,"stat.mineBlock.natura.overworld_leaves":1,"stat.sprintOneCm":111622,"stat.useItem.rustic.wildberries":20,"stat.useItem.rustic.wind_thistle":1,"stat.drop.natura.materials":2,"stat.mineBlock.rustic.wildberry_bush":25,"stat.pickup.primal_tech.rock":2,"stat.useItem.carryon.tile_item":7,"stat.mineBlock.contenttweaker.sub_block_holder_0":2,"stat.useItem.minecraft.carrot":5,"stat.drop.rustic.wildberries":4,"stat.craftItem.primal_tech.fibre_torch":1,"stat.mineBlock.traverse.orange_autumnal_leaves":7,"stat.mineBlock.minecraft.planks":15,"stat.drop":30,"stat.pickup.horsepower.chopping_block":4,"stat.playOneMinute":129653,"stat.craftItem.primal.flint_hatchet":1,"stat.killEntity.Sheep":1,"stat.pickup.ferdinandsflowers.block_cff_flowers":26,"stat.pickup.natura.overworld_seeds":3,"stat.killEntity.Zombie":10,"stat.drop.immcraft.rock":6,"stat.pickup.chisel.marble2":8,"stat.mineBlock.minecraft.tallgrass":44,"stat.diveOneCm":49257,"stat.craftItem.primal.plant_cordage":6,"stat.pickup.minecraft.wheat":3,"stat.pickup.minecraft.pumpkin":1,"stat.pickup.rustic.wildberry_bush":26,"stat.killEntity.cod":2,"stat.mineBlock.traverse.red_autumnal_leaves":3,"stat.mineBlock.ferdinandsflowers.block_cff_doublesb":1,"stat.mineBlock.ferdinandsflowers.block_cff_doublesc":2,"stat.mineBlock.ferdinandsflowers.block_cff_flowersc":1,"stat.pickup.minecraft.gravel":23,"stat.mineBlock.ferdinandsflowers.block_cff_flowersb":12,"stat.killEntity.salmon":1,"stat.pickup.minecraft.stone_axe":2,"stat.useItem.minecraft.apple":2,"stat.craftItem.minecraft.flint":23,"stat.craftItem.pickletweaks.grass_mesh":1,"stat.useItem.immcraft.rock":8,"stat.useItem.rustic.wildberry_bush":21,"stat.pickup.minecraft.brick":1,"stat.pickup.betterwithmods.hemp":3,"stat.jump":1120,"stat.pickup.immcraft.rock":20,"stat.pickup.primal.flint_pickaxe":1,"stat.fallOneCm":25519,"stat.mineBlock.natura.overworld_sapling2":1,"stat.pickup.betterwithmods.material":4,"stat.pickup.minecraft.carrot":9,"stat.useItem.horsepower.chopping_block":2,"stat.useItem.minecraft.stone_axe":137,"stat.crouchOneCm":16444,"stat.useItem.betterwithmods.hemp":2,"stat.useItem.progressiontweaks.spear":14,"stat.pickup.minecraft.spider_eye":1,"stat.pickup.minecraft.dirt":95,"stat.pickup.betterwithaddons.wool":5,"stat.pickup.minecraft.stone_shovel":2,"stat.drop.primal_tech.rock":1,"stat.mineBlock.immcraft.rock":18,"stat.pickup.rustic.wind_thistle":2,"stat.pickup.primal.plant_fiber":58,"stat.damageTaken":617,"stat.mineBlock.ferdinandsflowers.block_cff_fungus":4,"stat.pickup.primal.flint_knapp":10,"stat.pickup.primal.rush_stems":28,"stat.pickup.minecraft.dye":1,"stat.pickup.minecraft.planks":115,"stat.pickup.chisel.limestone2":40,"stat.pickup.primal.terra_clump":19,"stat.pickup.minecraft.wheat_seeds":1,"stat.pickup.minecraft.potato":5,"stat.mineBlock.minecraft.gravel":5,"stat.useItem.minecraft.stone_pickaxe":6,"stat.mineBlock.primal_tech.work_stump":3,"stat.useItem.traverse.orange_autumnal_sapling":1,"stat.drop.rustic.tallow":2,"stat.useItem.minecraft.stone_sword":81,"stat.damageDealt":3315,"stat.mineBlock.primal.terra_block":2,"stat.mineBlock.minecraft.dirt":29,"stat.drop.progressiontweaks.flat_bread":3,"stat.craftItem.horsepower.chopping_block":2,"stat.killEntity.Pig":1,"stat.craftItem.primal_tech.rock":1,"stat.pickup.primal.mud_clump":236,"stat.drop.minecraft.stick":3,"stat.mineBlock.primal.rush":1,"stat.useItem.minecraft.air":44,"stat.mineBlock.immcraft.shelf":1,"stat.walkOneCm":627460,"stat.pickup.rustic.bee":2,"stat.mineBlock.ferdinandsflowers.block_cff_flowers":21,"stat.pickup.minecraft.stick":54,"stat.drop.minecraft.rotten_flesh":1,"stat.useItem.minecraft.log":7,"stat.pickup.minecraft.clay_ball":120,"stat.useItem.minecraft.cobblestone":40,"stat.killEntity.piranha":2,"stat.pickup.minecraft.log":47,"stat.useItem.minecraft.cooked_fish":2,"stat.pickup.traverse.brown_autumnal_sapling":1,"stat.pickup.immcraft.chest":2,"stat.pickup.primal.pelt_sheep":8,"stat.mineBlock.natura.overworld_leaves2":28,"stat.useItem.minecraft.yellow_flower":7,"stat.useItem.primal.mud_clump":4,"stat.pickup.minecraft.baked_potato":3,"stat.pickup.minecraft.sapling":1,"stat.pickup.minecraft.cooked_beef":1,"stat.pickup.minecraft.apple":2,"stat.pickup.minecraft.beetroot":5,"stat.useItem.ferdinandsflowers.block_cff_flowers":18,"stat.mineBlock.primal.mud_wet":60,"stat.useItem.primal.flint_pickaxe":51,"stat.pickup.ferdinandsflowers.block_cff_doubles":1,"stat.killEntity.Spider":5,"stat.pickup.minecraft.stone_sword":1,"stat.useItem.ferdinandsflowers.block_cff_flowersb":3,"stat.killEntity.clownfish":2,"stat.mobKills":27,"stat.mineBlock.minecraft.log":47,"stat.pickup.rustic.tallow":2,"stat.pickup.primal_tech.work_stump":3,"stat.pickup.primal_tech.work_stump_upgraded":1,"stat.pickup.ferdinandsflowers.block_cff_doublesb":2,"stat.pickup.ferdinandsflowers.block_cff_doublesc":4,"stat.pickup.minecraft.beetroot_seeds":15,"stat.mineBlock.minecraft.leaves":27,"stat.pickup.primal_tech.clay_kiln":1,"stat.pickup.natura.overworld_sapling2":3,"stat.drop.primal.flint_pickaxe":1,"stat.pickup.minecraft.red_flower":1,"stat.sneakTime":6072,"stat.useItem.minecraft.baked_potato":3,"stat.drop.primal.sharp_bone":1,"stat.pickup.minecraft.cooked_fish":1,"stat.pickup.minecraft.stone_slab":4,"stat.pickup.minecraft.yellow_flower":8,"stat.mineBlock.immcraft.chest":1,"stat.pickup.ferdinandsflowers.block_cff_flowersb":20,"stat.mineBlock.rustic.wind_thistle":1,"stat.mineBlock.minecraft.stone":22,"stat.pickup.ferdinandsflowers.block_cff_flowersc":1,"stat.mineBlock.immcraft.sticks":4,"stat.useItem.minecraft.beetroot":2}