{"stat.useItem.betterwithmods.raw_egg":1,"stat.pickup.minecraft.bone":32,"stat.killEntity.cod":1,"stat.drop.primal.flint_knapp":2,"stat.pickup.minecraft.wooden_slab":4,"stat.useItem.minecraft.fish":2,"stat.useItem.minecraft.stone":3,"stat.useItem.primal.mud_wet":1,"stat.pickup.minecraft.gravel":27,"stat.mineBlock.ferdinandsflowers.block_cff_flowersb":1,"stat.mineBlock.minecraft.cobblestone":14,"stat.killEntity.salmon":1,"stat.pickup.natura.overworld_logs2":1,"stat.pickup.minecraft.stone_pickaxe":1,"stat.pickup.minecraft.flint":4,"stat.mineBlock.ferdinandsflowers.block_cff_flowersd":1,"stat.pickup.traverse.yellow_autumnal_sapling":3,"stat.killEntity.trumpetskeleton.TrumpetSkeleton":1,"stat.drop.minecraft.flint":4,"stat.craftItem.minecraft.flint":9,"stat.craftItem.pickletweaks.grass_mesh":1,"stat.pickup.primal.bone_knapp":2,"stat.useItem.immcraft.rock":2,"stat.mineBlock.rustic.slate":12,"stat.pickup.minecraft.brick":2,"stat.jump":641,"stat.swimOneCm":15897,"stat.pickup.immcraft.shelf":3,"stat.pickup.immcraft.rock":21,"stat.pickup.primal.flint_pickaxe":2,"stat.fallOneCm":9216,"stat.pickup.primal.flint_point":12,"stat.pickup.primal_tech.fire_sticks":1,"stat.useItem.minecraft.planks":1,"stat.pickup.progressiontweaks.fire_pit_unlit":1,"stat.pickup.minecraft.carrot":16,"stat.drop.primal.rush_stems":2,"stat.pickup.minecraft.porkchop":3,"stat.crouchOneCm":2067,"stat.useItem.progressiontweaks.spear":1,"stat.useItem.minecraft.dirt":16,"stat.pickup.minecraft.dirt":78,"stat.pickup.minecraft.rotten_flesh":12,"stat.pickup.betterwithaddons.wool":4,"stat.useItem.rustic.slate":4,"stat.drop.primal_tech.rock":2,"stat.mineBlock.immcraft.rock":7,"stat.pickup.actuallyadditions.item_coffee_seed":6,"stat.pickup.rustic.wind_thistle":1,"stat.pickup.primal.plant_fiber":46,"stat.useItem.minecraft.egg":1,"stat.mineBlock.minecraft.stone_stairs":5,"stat.damageTaken":691,"stat.pickup.minecraft.feather":4,"stat.mineBlock.geolosys.ore_sample":3,"stat.pickup.primal_tech.fibre_torch_lit":4,"stat.mineBlock.minecraft.red_flower":1,"stat.mineBlock.minecraft.torch":3,"stat.pickup.primal.flint_knapp":6,"stat.drop.primal_tech.fire_sticks":1,"stat.pickup.minecraft.cobblestone":474,"stat.pickup.primal.rush_stems":8,"stat.useItem.progressiontweaks.stone_hammer":35,"stat.useItem.primal.sharp_bone":35,"stat.pickup.minecraft.planks":5,"stat.mineBlock.minecraft.clay":1,"stat.mineBlock.chisel.limestone2":16,"stat.pickup.chisel.limestone2":20,"stat.flyOneCm":41707,"stat.craftItem.primal.mud_wet":16,"stat.pickup.minecraft.potato":4,"stat.useItem.chisel.limestone2":2,"stat.pickup.minecraft.fish":3,"stat.mineBlock.minecraft.gravel":27,"stat.pickup.rustic.slate":30,"stat.useItem.minecraft.stone_pickaxe":121,"stat.drop.natura.overworld_logs2":1,"stat.useItem.minecraft.cooked_beef":1,"stat.useItem.minecraft.stone_sword":24,"stat.damageDealt":2595,"stat.pickup.primal.sharp_bone":3,"stat.pickup.progressiontweaks.spear":1,"stat.craftItem.progressiontweaks.stone_hammer":1,"stat.timeSinceDeath":128468,"stat.killEntity.Cow":2,"stat.mineBlock.minecraft.dirt":13,"stat.killEntity.Pig":1,"stat.craftItem.primal_tech.rock":1,"stat.pickup.minecraft.mutton":4,"stat.pickup.primal.mud_clump":18,"stat.mineBlock.primal.rush":3,"stat.useItem.minecraft.air":27,"stat.walkOneCm":758895,"stat.pickup.minecraft.stick":43,"stat.useItem.minecraft.potato":4,"stat.pickup.primal.armor_wolf_body":1,"stat.drop.minecraft.rotten_flesh":10,"stat.killEntity.primal:canis_campestris":1,"stat.mineBlock.chisel.marble2":6,"stat.pickup.minecraft.clay_ball":4,"stat.pickup.rustic.wildberries":3,"stat.useItem.minecraft.cobblestone":21,"stat.killEntity.piranha":3,"stat.mineBlock.primal_tech.fibre_torch":2,"stat.drop.minecraft.beetroot_seeds":1,"stat.drop.primal.flint_point":1,"stat.talkedToVillager":1,"stat.drop.minecraft.baked_potato":1,"stat.pickup.minecraft.string":1,"stat.useItem.minecraft.cooked_fish":1,"stat.mineBlock.minecraft.grass":11,"stat.pickup.minecraft.beef":3,"stat.pickup.primal.pelt_sheep":5,"stat.pickup.primal.rush_seeds":1,"stat.mineBlock.natura.overworld_leaves2":4,"stat.useItem.primal.mud_clump":24,"stat.pickup.minecraft.stone":51,"stat.drop.minecraft.planks":2,"stat.pickup.minecraft.baked_potato":1,"stat.pickup.minecraft.sapling":1,"stat.sprintOneCm":101440,"stat.pickup.primal.pelt_cow":4,"stat.useItem.rustic.wildberries":5,"stat.pickup.minecraft.cooked_beef":1,"stat.pickup.actuallyadditions.item_coffee_beans":8,"stat.useItem.primal.wolf_meat_cooked":2,"stat.drop.primal.mud_wet":15,"stat.pickup.minecraft.beetroot":1,"stat.pickup.primal_tech.rock":3,"stat.mineBlock.contenttweaker.sub_block_holder_0":1,"stat.mineBlock.primal.mud_wet":1,"stat.useItem.primal.flint_pickaxe":237,"stat.pickup.ferdinandsflowers.block_cff_doubles":1,"stat.pickup.primal.wolf_meat_cooked":2,"stat.useItem.primal_tech.fibre_torch_lit":2,"stat.killEntity.Spider":2,"stat.pickup.minecraft.stone_sword":2,"stat.useItem.minecraft.carrot":9,"stat.mineBlock.integrateddynamics.menril_log":1,"stat.mobKills":19,"stat.pickup.rustic.tallow":16,"stat.pickup.betterwithmods.raw_egg":1,"stat.craftItem.primal_tech.fibre_torch":1,"stat.mineBlock.traverse.orange_autumnal_leaves":3,"stat.mineBlock.minecraft.planks":1,"stat.pickup.ferdinandsflowers.block_cff_doublesc":2,"stat.drop":48,"stat.pickup.minecraft.beetroot_seeds":6,"stat.mineBlock.minecraft.leaves":15,"stat.pickup.minecraft.egg":1,"stat.pickup.primal_tech.clay_kiln":1,"stat.playOneMinute":128468,"stat.drop.primal.flint_pickaxe":3,"stat.pickup.natura.overworld_sapling2":28,"stat.killEntity.Sheep":2,"stat.pickup.minecraft.red_flower":5,"stat.sneakTime":898,"stat.pickup.primal.wolf_meat_raw":5,"stat.pickup.ferdinandsflowers.block_cff_flowers":1,"stat.mineBlock.actuallyadditions.block_wild":1,"stat.killEntity.Zombie":8,"stat.drop.primal.sharp_bone":2,"stat.pickup.ferdinandsflowers.block_cff_flowersd":2,"stat.pickup.minecraft.yellow_flower":2,"stat.pickup.ferdinandsflowers.block_cff_flowersb":2,"stat.mineBlock.minecraft.stone":293,"stat.pickup.chisel.marble2":6,"stat.mineBlock.immcraft.sticks":9,"stat.mineBlock.minecraft.tallgrass":53,"stat.diveOneCm":63687,"stat.useItem.minecraft.beetroot":1,"stat.pickup.primal.flint_hatchet":1,"stat.craftItem.primal.plant_cordage":5,"stat.drop.progressiontweaks.stone_hammer":1,"stat.pickup.primal_tech.fibre_torch":2}