{"stat.pickup.minecraft.wooden_slab":3,"stat.leaveGame":2,"stat.pickup.natura.overworld_logs2":40,"stat.killEntity.trumpetskeleton.TrumpetSkeleton":1,"stat.mineBlock.rustic.leaves":6,"stat.mineBlock.horsepower.chopping_block":2,"stat.craftItem.minecraft.string":12,"stat.pickup.immcraft.shelf":6,"stat.pickup.primal.flint_point":8,"stat.useItem.minecraft.planks":5,"stat.useItem.natura.overworld_sapling2":1,"stat.pickup.minecraft.rotten_flesh":17,"stat.pickup.horsepower.hand_grindstone":1,"stat.pickup.natura.materials":1,"stat.pickup.primal_tech.fibre_torch_lit":3,"stat.drop.progressiontweaks.spear":1,"stat.useItem.primal_tech.charcoal_block":1,"stat.pickup.progressiontweaks.spear":3,"stat.useItem.primal_tech.fire_sticks":13,"stat.pickup.primal.armor_wolf_body":1,"stat.killEntity.ZombieVillager":1,"stat.pickup.minecraft.beef":6,"stat.craftItem.primal_tech.work_stump":1,"stat.useItem.rustic.wildberries":12,"stat.pickup.progressiontweaks.tomahawk":5,"stat.pickup.horsepower.chopping_block":2,"stat.playOneMinute":126949,"stat.pickup.ferdinandsflowers.block_cff_flowers":1,"stat.mineBlock.minecraft.tallgrass":53,"stat.craftItem.primal.plant_cordage":30,"stat.pickup.waterstrainer.net":1,"stat.craftItem.minecraft.flint":12,"stat.mineBlock.rustic.slate":3,"stat.pickup.betterwithmods.hemp":5,"stat.pickup.progressiontweaks.flat_bread":3,"stat.fallOneCm":8436,"stat.pickup.minecraft.carrot":12,"stat.useItem.horsepower.chopping_block":1,"stat.crouchOneCm":4741,"stat.useItem.progressiontweaks.spear":3,"stat.mineBlock.progressiontweaks.fire_pit_unlit":1,"stat.pickup.betterwithaddons.wool":1,"stat.drop.primal_tech.rock":1,"stat.mineBlock.geolosys.ore_sample":4,"stat.pickup.primal.rush_stems":5,"stat.pickup.minecraft.planks":57,"stat.mineBlock.natura.overworld_logs2":40,"stat.pickup.minecraft.wheat_seeds":2,"stat.craftItem.primal.mud_wet":3,"stat.mineBlock.minecraft.gravel":12,"stat.useItem.minecraft.stone_pickaxe":70,"stat.useItem.minecraft.stone_sword":11,"stat.mineBlock.minecraft.dirt":32,"stat.drop.primal.plant_fiber":1,"stat.craftItem.primal_tech.rock":1,"stat.pickup.primal.mud_clump":12,"stat.pickup.rustic.bee":2,"stat.mineBlock.ferdinandsflowers.block_cff_flowers":1,"stat.useItem.minecraft.log":1,"stat.useItem.minecraft.cobblestone":43,"stat.useItem.natura.overworld_planks":1,"stat.pickup.minecraft.log":27,"stat.pickup.traverse.brown_autumnal_sapling":2,"stat.pickup.immcraft.chest":4,"stat.pickup.primal.pelt_sheep":1,"stat.drop.minecraft.carrot":4,"stat.mineBlock.natura.overworld_leaves2":260,"stat.drop.minecraft.planks":2,"stat.pickup.minecraft.sapling":1,"stat.pickup.minecraft.beetroot":1,"stat.useItem.immcraft.shelf":2,"stat.mineBlock.primal.mud_wet":4,"stat.pickup.natura.overworld_planks":50,"stat.pickup.minecraft.stone_sword":1,"stat.pickup.waterstrainer.strainer_survivalist":1,"stat.mineBlock.minecraft.log":25,"stat.pickup.primal_tech.work_stump":3,"stat.pickup.ferdinandsflowers.block_cff_doublesc":2,"stat.pickup.natura.overworld_sapling2":31,"stat.useItem.betterwithaddons.food_beetroot_baked":1,"stat.sneakTime":1792,"stat.useItem.minecraft.baked_potato":1,"stat.pickup.minecraft.stone_slab":7,"stat.pickup.ferdinandsflowers.block_cff_flowersb":2,"stat.pickup.ferdinandsflowers.block_cff_flowersc":1,"stat.pickup.minecraft.bone":6,"stat.useItem.primal.mud_wet":2,"stat.drop.minecraft.stone_shovel":1,"stat.mineBlock.minecraft.cobblestone":22,"stat.pickup.minecraft.stone_pickaxe":2,"stat.pickup.primal_tech.stone_grill":3,"stat.swimOneCm":12313,"stat.drop.primal.rush_stems":5,"stat.useItem.minecraft.dirt":25,"stat.useItem.primal.flint_hatchet":85,"stat.drop.minecraft.brick":1,"stat.pickup.minecraft.cobblestone":215,"stat.pickup.ferdinandsflowers.block_cff_fungus":9,"stat.useItem.minecraft.stone_shovel":14,"stat.mineBlock.chisel.limestone2":6,"stat.flyOneCm":32010,"stat.pickup.minecraft.fish":1,"stat.pickup.rustic.slate":16,"stat.useItem.minecraft.cooked_beef":1,"stat.mineBlock.traverse.brown_autumnal_leaves":18,"stat.timeSinceDeath":126949,"stat.pickup.rustic.sapling":1,"stat.killEntity.Creeper":1,"stat.pickup.minecraft.string":5,"stat.mineBlock.minecraft.grass":10,"stat.sprintOneCm":107177,"stat.useItem.primal.flint_workblade":189,"stat.pickup.primal.pelt_cow":2,"stat.mineBlock.minecraft.stone_slab":1,"stat.useItem.minecraft.stone_slab":1,"stat.mineBlock.rustic.wildberry_bush":2,"stat.pickup.primal_tech.rock":3,"stat.useItem.carryon.tile_item":6,"stat.useItem.minecraft.carrot":4,"stat.useItem.progressiontweaks.tomahawk":4,"stat.mineBlock.minecraft.planks":16,"stat.drop":17,"stat.craftItem.primal.flint_hatchet":1,"stat.killEntity.Zombie":6,"stat.diveOneCm":13710,"stat.pickup.minecraft.wheat":2,"stat.pickup.primal_tech.fibre_torch":19,"stat.mineBlock.ferdinandsflowers.block_cff_doublesc":1,"stat.mineBlock.ferdinandsflowers.block_cff_flowersc":1,"stat.pickup.minecraft.gravel":12,"stat.pickup.minecraft.stone_axe":1,"stat.craftItem.pickletweaks.grass_mesh":2,"stat.useItem.immcraft.rock":5,"stat.pickup.minecraft.brick":2,"stat.jump":422,"stat.pickup.immcraft.rock":33,"stat.pickup.primal.flint_pickaxe":1,"stat.pickup.primal_tech.fire_sticks":1,"stat.pickup.betterwithmods.material":4,"stat.pickup.progressiontweaks.fire_pit_unlit":1,"stat.mineBlock.natura.overworld_planks":1,"stat.useItem.minecraft.stone_axe":74,"stat.useItem.betterwithaddons.food_carrot_baked":1,"stat.pickup.minecraft.dirt":41,"stat.pickup.minecraft.stone_shovel":1,"stat.mineBlock.immcraft.rock":17,"stat.pickup.primal.plant_fiber":45,"stat.damageTaken":410,"stat.mineBlock.minecraft.torch":1,"stat.mineBlock.ferdinandsflowers.block_cff_fungus":3,"stat.pickup.primal.flint_knapp":13,"stat.pickup.pickletweaks.grass_mesh":1,"stat.pickup.primal.terra_clump":4,"stat.pickup.minecraft.potato":6,"stat.pickup.primal.flint_workblade":1,"stat.mineBlock.primal_tech.stone_grill":1,"stat.mineBlock.primal_tech.work_stump":3,"stat.damageDealt":2552,"stat.killEntity.Cow":1,"stat.craftItem.horsepower.chopping_block":2,"stat.useItem.minecraft.air":52,"stat.walkOneCm":504421,"stat.pickup.minecraft.stick":161,"stat.pickup.minecraft.clay_ball":64,"stat.pickup.primal.mud_wet":15,"stat.craftItem.primal_tech.fire_sticks":23,"stat.pickup.minecraft.baked_potato":5,"stat.useItem.primal_tech.clay_kiln":1,"stat.mineBlock.integrateddynamics.menril_leaves":2,"stat.pickup.minecraft.cooked_beef":2,"stat.drop.primal.armor_wolf_body":1,"stat.useItem.primal_tech.fibre_torch_lit":15,"stat.killEntity.Spider":1,"stat.mobKills":15,"stat.mineBlock.primal_tech.clay_kiln":2,"stat.mineBlock.geolosys.ore_sample_vanilla":4,"stat.pickup.minecraft.beetroot_seeds":2,"stat.mineBlock.minecraft.leaves":12,"stat.pickup.primal_tech.clay_kiln":5,"stat.pickup.rustic.ironberries":1,"stat.mineBlock.minecraft.stone":56,"stat.mineBlock.immcraft.sticks":4,"stat.craftItem.primal.terra_block":1}