{"stat.pickup.minecraft.pumpkin":1,"stat.pickup.rustic.wildberry_bush":15,"stat.pickup.minecraft.bone":2,"stat.killEntity.cod":1,"stat.pickup.minecraft.wooden_slab":50,"stat.mineBlock.traverse.red_autumnal_leaves":3,"stat.mineBlock.ferdinandsflowers.block_cff_doublesb":1,"stat.mineBlock.ferdinandsflowers.block_cff_doublesc":1,"stat.pickup.minecraft.gravel":5,"stat.mineBlock.ferdinandsflowers.block_cff_flowersb":12,"stat.mineBlock.minecraft.cobblestone":34,"stat.mineBlock.minecraft.pumpkin":1,"stat.pickup.minecraft.stone_pickaxe":1,"stat.pickup.minecraft.stone_axe":1,"stat.mineBlock.minecraft.yellow_flower":8,"stat.pickup.traverse.yellow_autumnal_sapling":3,"stat.useItem.minecraft.apple":2,"stat.mineBlock.traverse.yellow_autumnal_leaves":5,"stat.craftItem.minecraft.flint":5,"stat.craftItem.pickletweaks.grass_mesh":1,"stat.useItem.immcraft.rock":7,"stat.mineBlock.horsepower.chopping_block":2,"stat.useItem.rustic.wildberry_bush":12,"stat.pickup.minecraft.brick":1,"stat.jump":646,"stat.swimOneCm":10886,"stat.pickup.betterwithmods.hemp":3,"stat.pickup.immcraft.shelf":1,"stat.pickup.immcraft.rock":17,"stat.pickup.primal.flint_pickaxe":1,"stat.pickup.primal.flint_point":6,"stat.fallOneCm":14285,"stat.useItem.minecraft.planks":13,"stat.mineBlock.natura.overworld_sapling2":1,"stat.pickup.betterwithmods.material":4,"stat.pickup.minecraft.carrot":7,"stat.useItem.horsepower.chopping_block":2,"stat.useItem.minecraft.stone_axe":122,"stat.crouchOneCm":9579,"stat.pickup.primal.barrel":1,"stat.useItem.betterwithmods.hemp":2,"stat.useItem.progressiontweaks.spear":2,"stat.pickup.minecraft.dirt":25,"stat.useItem.minecraft.dirt":21,"stat.useItem.primal.flint_hatchet":43,"stat.pickup.traverse.red_autumnal_sapling":1,"stat.pickup.betterwithaddons.wool":5,"stat.pickup.minecraft.rotten_flesh":6,"stat.pickup.minecraft.stone_shovel":2,"stat.drop.primal_tech.rock":1,"stat.mineBlock.immcraft.rock":15,"stat.pickup.rustic.wind_thistle":2,"stat.pickup.primal.plant_fiber":39,"stat.damageTaken":392,"stat.mineBlock.ferdinandsflowers.block_cff_fungus":4,"stat.pickup.primal.flint_knapp":4,"stat.pickup.minecraft.cobblestone":39,"stat.pickup.primal.rush_stems":23,"stat.mineBlock.minecraft.wooden_slab":9,"stat.pickup.ferdinandsflowers.block_cff_fungus":14,"stat.pickup.minecraft.planks":95,"stat.mineBlock.minecraft.clay":29,"stat.mineBlock.chisel.limestone2":2,"stat.useItem.minecraft.stone_shovel":60,"stat.pickup.chisel.limestone2":2,"stat.flyOneCm":103791,"stat.pickup.primal.terra_clump":16,"stat.pickup.rustic.honeycomb":3,"stat.pickup.minecraft.wheat_seeds":1,"stat.pickup.minecraft.potato":5,"stat.mineBlock.rustic.log":1,"stat.pickup.minecraft.fish":1,"stat.mineBlock.minecraft.gravel":5,"stat.useItem.minecraft.stone_pickaxe":1,"stat.mineBlock.primal_tech.work_stump":2,"stat.useItem.traverse.orange_autumnal_sapling":1,"stat.drop.rustic.tallow":2,"stat.damageDealt":1381,"stat.mineBlock.traverse.brown_autumnal_leaves":4,"stat.pickup.primal.sharp_bone":1,"stat.pickup.progressiontweaks.spear":2,"stat.timeSinceDeath":80988,"stat.mineBlock.primal.terra_block":1,"stat.mineBlock.minecraft.dirt":10,"stat.craftItem.horsepower.chopping_block":2,"stat.useItem.minecraft.wooden_slab":37,"stat.craftItem.primal_tech.rock":1,"stat.pickup.minecraft.mutton":1,"stat.pickup.primal.mud_clump":74,"stat.drop.minecraft.stick":3,"stat.mineBlock.primal.rush":1,"stat.useItem.minecraft.air":36,"stat.walkOneCm":323916,"stat.pickup.rustic.bee":2,"stat.mineBlock.ferdinandsflowers.block_cff_flowers":21,"stat.pickup.minecraft.stick":41,"stat.pickup.traverse.orange_autumnal_sapling":3,"stat.mineBlock.chisel.marble2":1,"stat.useItem.minecraft.log":4,"stat.pickup.rustic.wildberries":8,"stat.pickup.minecraft.clay_ball":116,"stat.useItem.minecraft.cobblestone":12,"stat.killEntity.piranha":1,"stat.killEntity.ZombieVillager":1,"stat.pickup.minecraft.log":44,"stat.useItem.minecraft.cooked_fish":1,"stat.mineBlock.minecraft.grass":15,"stat.mineBlock.minecraft.ladder":5,"stat.pickup.traverse.brown_autumnal_sapling":1,"stat.pickup.immcraft.chest":1,"stat.pickup.minecraft.beef":1,"stat.pickup.primal.pelt_sheep":5,"stat.mineBlock.natura.overworld_leaves2":28,"stat.useItem.minecraft.yellow_flower":7,"stat.craftItem.primal_tech.work_stump":1,"stat.useItem.primal.mud_clump":4,"stat.pickup.minecraft.baked_potato":3,"stat.pickup.minecraft.sapling":1,"stat.sprintOneCm":87471,"stat.useItem.rustic.wildberries":9,"stat.pickup.minecraft.cooked_beef":1,"stat.pickup.minecraft.apple":2,"stat.useItem.rustic.wind_thistle":1,"stat.pickup.minecraft.beetroot":5,"stat.useItem.ferdinandsflowers.block_cff_flowers":18,"stat.mineBlock.rustic.wildberry_bush":14,"stat.pickup.primal_tech.rock":2,"stat.useItem.carryon.tile_item":6,"stat.mineBlock.contenttweaker.sub_block_holder_0":2,"stat.mineBlock.primal.mud_wet":19,"stat.useItem.primal.flint_pickaxe":51,"stat.killEntity.Spider":1,"stat.useItem.minecraft.carrot":4,"stat.useItem.ferdinandsflowers.block_cff_flowersb":3,"stat.mobKills":9,"stat.mineBlock.minecraft.log":44,"stat.pickup.rustic.tallow":2,"stat.craftItem.primal_tech.fibre_torch":1,"stat.pickup.primal_tech.work_stump":2,"stat.mineBlock.traverse.orange_autumnal_leaves":7,"stat.mineBlock.minecraft.planks":13,"stat.pickup.ferdinandsflowers.block_cff_doublesb":1,"stat.pickup.ferdinandsflowers.block_cff_doublesc":2,"stat.drop":7,"stat.pickup.minecraft.beetroot_seeds":11,"stat.pickup.horsepower.chopping_block":2,"stat.mineBlock.minecraft.leaves":19,"stat.pickup.primal_tech.clay_kiln":1,"stat.playOneMinute":80988,"stat.craftItem.primal.flint_hatchet":1,"stat.pickup.natura.overworld_sapling2":3,"stat.drop.primal.flint_pickaxe":1,"stat.killEntity.Sheep":1,"stat.sneakTime":3811,"stat.pickup.ferdinandsflowers.block_cff_flowers":22,"stat.useItem.minecraft.baked_potato":3,"stat.killEntity.Zombie":4,"stat.pickup.minecraft.cooked_fish":1,"stat.pickup.minecraft.stone_slab":3,"stat.pickup.minecraft.yellow_flower":8,"stat.mineBlock.immcraft.chest":1,"stat.pickup.ferdinandsflowers.block_cff_flowersb":12,"stat.mineBlock.rustic.wind_thistle":1,"stat.mineBlock.minecraft.stone":13,"stat.pickup.chisel.marble2":1,"stat.mineBlock.minecraft.tallgrass":44,"stat.mineBlock.immcraft.sticks":2,"stat.useItem.minecraft.beetroot":2,"stat.diveOneCm":25128,"stat.craftItem.primal.plant_cordage":6,"stat.pickup.minecraft.wheat":2}