{"stat.pickup.minecraft.bone":5,"stat.pickup.minecraft.wooden_slab":3,"stat.mineBlock.ferdinandsflowers.block_cff_doublesc":1,"stat.useItem.primal.mud_wet":2,"stat.mineBlock.ferdinandsflowers.block_cff_flowersc":1,"stat.leaveGame":1,"stat.pickup.minecraft.gravel":12,"stat.drop.minecraft.stone_shovel":1,"stat.mineBlock.minecraft.cobblestone":20,"stat.pickup.natura.overworld_logs2":25,"stat.pickup.minecraft.stone_pickaxe":2,"stat.pickup.minecraft.stone_axe":1,"stat.pickup.primal_tech.stone_grill":2,"stat.killEntity.trumpetskeleton.TrumpetSkeleton":1,"stat.craftItem.minecraft.flint":12,"stat.craftItem.pickletweaks.grass_mesh":2,"stat.mineBlock.rustic.leaves":6,"stat.useItem.immcraft.rock":5,"stat.mineBlock.rustic.slate":3,"stat.mineBlock.horsepower.chopping_block":2,"stat.pickup.minecraft.brick":1,"stat.craftItem.minecraft.string":12,"stat.pickup.betterwithmods.hemp":5,"stat.jump":306,"stat.swimOneCm":9770,"stat.pickup.immcraft.rock":27,"stat.pickup.primal.flint_pickaxe":1,"stat.pickup.primal.flint_point":8,"stat.fallOneCm":6932,"stat.pickup.primal_tech.fire_sticks":1,"stat.useItem.minecraft.planks":5,"stat.pickup.betterwithmods.material":4,"stat.pickup.progressiontweaks.fire_pit_unlit":1,"stat.mineBlock.natura.overworld_planks":1,"stat.pickup.minecraft.carrot":12,"stat.useItem.horsepower.chopping_block":1,"stat.useItem.minecraft.stone_axe":68,"stat.crouchOneCm":3657,"stat.useItem.betterwithaddons.food_carrot_baked":1,"stat.useItem.progressiontweaks.spear":3,"stat.pickup.minecraft.dirt":30,"stat.useItem.minecraft.dirt":19,"stat.useItem.primal.flint_hatchet":85,"stat.useItem.natura.overworld_sapling2":1,"stat.mineBlock.progressiontweaks.fire_pit_unlit":1,"stat.drop.minecraft.brick":1,"stat.pickup.minecraft.rotten_flesh":13,"stat.pickup.betterwithaddons.wool":1,"stat.pickup.horsepower.hand_grindstone":1,"stat.pickup.minecraft.stone_shovel":1,"stat.drop.primal_tech.rock":1,"stat.mineBlock.immcraft.rock":17,"stat.pickup.primal.plant_fiber":42,"stat.pickup.natura.materials":1,"stat.damageTaken":310,"stat.mineBlock.geolosys.ore_sample":4,"stat.pickup.primal_tech.fibre_torch_lit":2,"stat.mineBlock.minecraft.torch":1,"stat.mineBlock.ferdinandsflowers.block_cff_fungus":3,"stat.pickup.primal.flint_knapp":13,"stat.pickup.minecraft.cobblestone":111,"stat.pickup.primal.rush_stems":3,"stat.pickup.ferdinandsflowers.block_cff_fungus":9,"stat.pickup.minecraft.planks":52,"stat.useItem.minecraft.stone_shovel":14,"stat.drop.progressiontweaks.spear":1,"stat.mineBlock.chisel.limestone2":5,"stat.mineBlock.natura.overworld_logs2":36,"stat.flyOneCm":26101,"stat.pickup.primal.terra_clump":4,"stat.pickup.minecraft.wheat_seeds":2,"stat.craftItem.primal.mud_wet":3,"stat.pickup.minecraft.potato":6,"stat.pickup.minecraft.fish":1,"stat.pickup.primal.flint_workblade":1,"stat.mineBlock.minecraft.gravel":12,"stat.pickup.rustic.slate":1,"stat.mineBlock.primal_tech.stone_grill":1,"stat.useItem.minecraft.stone_pickaxe":66,"stat.mineBlock.primal_tech.work_stump":3,"stat.damageDealt":1919,"stat.mineBlock.traverse.brown_autumnal_leaves":18,"stat.pickup.progressiontweaks.spear":3,"stat.useItem.primal_tech.fire_sticks":10,"stat.timeSinceDeath":93627,"stat.killEntity.Cow":1,"stat.mineBlock.minecraft.dirt":22,"stat.craftItem.horsepower.chopping_block":2,"stat.craftItem.primal_tech.rock":1,"stat.pickup.primal.mud_clump":12,"stat.useItem.minecraft.air":38,"stat.walkOneCm":385880,"stat.mineBlock.ferdinandsflowers.block_cff_flowers":1,"stat.pickup.minecraft.stick":116,"stat.useItem.minecraft.log":1,"stat.pickup.minecraft.clay_ball":64,"stat.useItem.minecraft.cobblestone":1,"stat.pickup.rustic.sapling":1,"stat.useItem.natura.overworld_planks":1,"stat.killEntity.Creeper":1,"stat.pickup.minecraft.string":5,"stat.pickup.minecraft.log":25,"stat.mineBlock.minecraft.grass":9,"stat.pickup.traverse.brown_autumnal_sapling":2,"stat.pickup.immcraft.chest":3,"stat.pickup.minecraft.beef":6,"stat.pickup.primal.pelt_sheep":1,"stat.craftItem.primal_tech.fire_sticks":17,"stat.drop.minecraft.carrot":4,"stat.mineBlock.natura.overworld_leaves2":255,"stat.craftItem.primal_tech.work_stump":1,"stat.pickup.minecraft.baked_potato":5,"stat.pickup.minecraft.sapling":1,"stat.sprintOneCm":89541,"stat.useItem.primal.flint_workblade":184,"stat.pickup.primal.pelt_cow":2,"stat.useItem.rustic.wildberries":10,"stat.useItem.primal_tech.clay_kiln":1,"stat.mineBlock.minecraft.stone_slab":1,"stat.mineBlock.integrateddynamics.menril_leaves":2,"stat.pickup.minecraft.cooked_beef":2,"stat.useItem.minecraft.stone_slab":1,"stat.mineBlock.rustic.wildberry_bush":2,"stat.pickup.primal_tech.rock":3,"stat.useItem.carryon.tile_item":5,"stat.mineBlock.primal.mud_wet":4,"stat.useItem.primal_tech.fibre_torch_lit":1,"stat.killEntity.Spider":1,"stat.pickup.natura.overworld_planks":16,"stat.useItem.minecraft.carrot":4,"stat.mobKills":11,"stat.pickup.waterstrainer.strainer_survivalist":1,"stat.mineBlock.minecraft.log":25,"stat.mineBlock.primal_tech.clay_kiln":2,"stat.pickup.primal_tech.work_stump":3,"stat.mineBlock.geolosys.ore_sample_vanilla":4,"stat.mineBlock.minecraft.planks":14,"stat.pickup.ferdinandsflowers.block_cff_doublesc":2,"stat.drop":8,"stat.pickup.minecraft.beetroot_seeds":2,"stat.mineBlock.minecraft.leaves":12,"stat.pickup.primal_tech.clay_kiln":4,"stat.pickup.horsepower.chopping_block":2,"stat.playOneMinute":93627,"stat.craftItem.primal.flint_hatchet":1,"stat.pickup.natura.overworld_sapling2":17,"stat.sneakTime":1397,"stat.pickup.ferdinandsflowers.block_cff_flowers":1,"stat.killEntity.Zombie":4,"stat.useItem.minecraft.baked_potato":1,"stat.pickup.minecraft.stone_slab":4,"stat.pickup.ferdinandsflowers.block_cff_flowersb":2,"stat.pickup.rustic.ironberries":1,"stat.pickup.ferdinandsflowers.block_cff_flowersc":1,"stat.mineBlock.minecraft.stone":55,"stat.mineBlock.minecraft.tallgrass":51,"stat.mineBlock.immcraft.sticks":4,"stat.diveOneCm":8861,"stat.craftItem.primal.plant_cordage":11,"stat.pickup.minecraft.wheat":2,"stat.pickup.primal_tech.fibre_torch":2,"stat.pickup.waterstrainer.net":1}