{"stat.chestOpened":19,"stat.killEntity.BrainyZombie":2,"stat.useItem.minecraft.stone":4,"stat.leaveGame":2,"stat.mineBlock.minecraft.cobblestone":24,"stat.craftItem.minecraft.cooked_porkchop":3,"stat.pickup.minecraft.wooden_pressure_plate":1,"stat.pickup.minecraft.stone_brick_stairs":5,"stat.jump":756,"stat.swimOneCm":48,"stat.fallOneCm":21383,"stat.climbOneCm":7495,"stat.useItem.minecraft.trapped_chest":1,"stat.useItem.minecraft.stone_axe":46,"stat.crouchOneCm":2014,"stat.mineBlock.minecraft.chest":1,"stat.pickup.minecraft.spider_eye":1,"stat.craftItem.minecraft.chest":3,"stat.pickup.minecraft.dirt":71,"stat.useItem.minecraft.dirt":52,"stat.useItem.minecraft.stone_slab2":25,"stat.craftingTableInteraction":7,"stat.mineBlock.minecraft.stone_brick_stairs":6,"stat.pickup.minecraft.rotten_flesh":4,"stat.mineBlock.minecraft.wooden_pressure_plate":1,"stat.craftItem.minecraft.stone_axe":1,"stat.useItem.chisel.marble2":1,"stat.damageTaken":684,"stat.useItem.minecraft.stone_brick_stairs":1,"stat.craftItem.minecraft.stone_pickaxe":2,"stat.mineBlock.minecraft.red_flower":1,"stat.mineBlock.minecraft.furnace":1,"stat.craftItem.minecraft.cooked_beef":2,"stat.pickup.minecraft.cobblestone":45,"stat.mineBlock.biomesoplenty.plant_0":18,"stat.pickup.minecraft.planks":4,"stat.pickup.minecraft.reeds":10,"stat.flyOneCm":108781,"stat.pickup.minecraft.bed":1,"stat.pickup.minecraft.wheat_seeds":2,"stat.useItem.minecraft.stone_pickaxe":130,"stat.useItem.minecraft.cooked_beef":1,"stat.damageDealt":1890,"stat.sleepInBed":3,"stat.timeSinceDeath":46791,"stat.mineBlock.minecraft.dirt":43,"stat.pickup.minecraft.mutton":7,"stat.useItem.minecraft.iron_shovel":49,"stat.walkOneCm":173666,"stat.pickup.minecraft.armor_stand":2,"stat.craftItem.minecraft.bed":1,"stat.useItem.minecraft.bread":9,"stat.pickup.immersiveengineering.seed":1,"stat.useItem.minecraft.torch":2,"stat.trappedChestTriggered":1,"stat.mineBlock.biomesoplenty.leaves_2":8,"stat.useItem.minecraft.chest":1,"stat.drop.ic2.itemmisc":1,"stat.drop.minecraft.stone_brick_stairs":1,"stat.mineBlock.chisel.marble2":2,"stat.useItem.minecraft.log":1,"stat.pickup.minecraft.crafting_table":1,"stat.useItem.minecraft.cobblestone":10,"stat.pickup.minecraft.stonebrick":34,"stat.pickup.biomesoplenty.sapling_1":1,"stat.furnaceInteraction":19,"stat.mineBlock.minecraft.trapped_chest":2,"stat.pickup.minecraft.iron_shovel":1,"stat.mineBlock.minecraft.double_plant":5,"stat.mineBlock.botania.flower":1,"stat.killEntity.ZombieVillager":1,"stat.mineBlock.thaumcraft.crystal_aer":8,"stat.pickup.minecraft.shield":1,"stat.useItem.minecraft.armor_stand":1,"stat.pickup.ic2.itemmisc":1,"stat.pickup.minecraft.log":45,"stat.pickup.minecraft.string":1,"stat.pickup.minecraft.tnt":1,"stat.useItem.minecraft.cooked_mutton":4,"stat.pickup.minecraft.furnace":1,"stat.craftItem.minecraft.stone_slab2":0,"stat.pickup.minecraft.stone":7,"stat.pickup.minecraft.sapling":1,"stat.craftItem.tconstruct.tooltables":1,"stat.sprintOneCm":62543,"stat.mineBlock.minecraft.stone_slab":4,"stat.craftItem.minecraft.stick":8,"stat.useItem.minecraft.stone_slab":2,"stat.mineBlock.minecraft.tnt":1,"stat.mineBlock.minecraft.stonebrick":32,"stat.craftItem.minecraft.planks":80,"ic2:itemSmelted":24,"stat.pickup.thaumcraft.crystal_essence":32,"stat.mineBlock.minecraft.crafting_table":1,"stat.killEntity.Spider":2,"stat.pickup.minecraft.stone_sword":1,"stat.mineBlock.ic2.leaves":6,"stat.mobKills":14,"stat.useItem.minecraft.stonebrick":3,"stat.mineBlock.minecraft.log":44,"stat.craftItem.minecraft.wooden_pressure_plate":1,"stat.craftItem.minecraft.wooden_door":3,"stat.pickup.botania.flower":1,"stat.useItem.minecraft.wooden_door":2,"stat.drop":2,"stat.pickup.minecraft.iron_door":3,"stat.playOneMinute":46791,"stat.pickup.minecraft.torch":1,"stat.killEntity.Sheep":6,"stat.pickup.minecraft.red_flower":2,"stat.sneakTime":1577,"stat.pickup.minecraft.wool":6,"stat.killEntity.Zombie":3,"stat.pickup.minecraft.stone_slab":3,"stat.pickup.minecraft.yellow_flower":2,"stat.mineBlock.minecraft.stone":25,"stat.pickup.chisel.marble2":2,"stat.mineBlock.minecraft.tallgrass":26,"stat.craftItem.minecraft.cooked_mutton":19,"stat.pickup.minecraft.trapped_chest":2}