{"stat.chestOpened":27,"stat.pickup.tconstruct.tooltables":2,"stat.leaveGame":2,"stat.mineBlock.minecraft.cobblestone":10,"stat.pickup.minecraft.wooden_pressure_plate":1,"stat.pickup.ic2.blockrubwood":1,"stat.useItem.minecraft.rotten_flesh":3,"stat.pickup.minecraft.stone_brick_stairs":2,"stat.jump":562,"stat.craftItem.tconstruct.rack":10,"stat.climbOneCm":7336,"stat.fallOneCm":13940,"stat.mineBlock.minecraft.web":1,"stat.mineBlock.thaumcraft.ore_amber":1,"stat.useItem.minecraft.stone_axe":14,"stat.pickup.minecraft.porkchop":3,"stat.crouchOneCm":5530,"stat.pickup.minecraft.spider_eye":1,"stat.craftItem.minecraft.chest":2,"stat.craftItem.minecraft.torch":16,"stat.pickup.minecraft.dirt":13,"stat.useItem.minecraft.dirt":2,"stat.useItem.minecraft.stone_slab2":16,"stat.craftingTableInteraction":8,"stat.pickup.minecraft.rotten_flesh":6,"stat.craftItem.minecraft.furnace":1,"stat.mineBlock.minecraft.wooden_pressure_plate":1,"stat.mineBlock.tconstruct.rack":1,"stat.mineBlock.tconstruct.tooltables":2,"stat.craftItem.minecraft.stone_axe":2,"stat.damageTaken":400,"stat.pickup.minecraft.leather":1,"stat.craftItem.minecraft.trapdoor":12,"stat.pickup.minecraft.cobblestone_wall":5,"stat.craftItem.minecraft.stone_pickaxe":2,"stat.mineBlock.minecraft.torch":1,"stat.mineBlock.minecraft.furnace":1,"stat.useItem.minecraft.wooden_pickaxe":26,"stat.pickup.minecraft.cobblestone":32,"stat.craftItem.minecraft.wooden_sword":1,"stat.mineBlock.biomesoplenty.plant_0":2,"stat.pickup.minecraft.planks":2,"stat.craftItem.minecraft.stone_sword":1,"stat.flyOneCm":112305,"stat.mineBlock.ic2.blockrubwood":1,"stat.pickup.minecraft.bed":1,"stat.pickup.minecraft.wheat_seeds":1,"stat.drop.minecraft.wheat_seeds":1,"stat.useItem.minecraft.stone_pickaxe":121,"stat.craftItem.minecraft.wooden_slab":60,"stat.useItem.minecraft.stone_sword":31,"stat.pickup.quark.tallow":2,"stat.damageDealt":2189,"stat.sleepInBed":2,"stat.timeSinceDeath":38195,"stat.killEntity.Cow":2,"stat.mineBlock.minecraft.dirt":14,"stat.craftItem.minecraft.wooden_pickaxe":1,"stat.killEntity.Pig":1,"stat.pickup.minecraft.mutton":16,"stat.walkOneCm":115439,"stat.craftItem.minecraft.bed":1,"stat.pickup.immersiveengineering.seed":2,"stat.useItem.minecraft.bread":5,"stat.useItem.minecraft.torch":6,"stat.trappedChestTriggered":4,"stat.mineBlock.biomesoplenty.leaves_2":1,"stat.drop.ic2.itemmisc":1,"stat.drop.immersiveengineering.seed":1,"stat.useItem.minecraft.log":1,"stat.pickup.minecraft.stonebrick":91,"stat.craftItem.minecraft.crafting_table":1,"stat.furnaceInteraction":6,"stat.useItem.tconstruct.rack":8,"stat.mineBlock.thaumcraft.crystal_aer":1,"stat.pickup.minecraft.wooden_button":1,"stat.pickup.actuallyadditions.item_solidified_experience":5,"stat.pickup.ic2.itemmisc":3,"stat.pickup.minecraft.string":3,"stat.pickup.minecraft.log":15,"stat.pickup.minecraft.beef":2,"stat.useItem.tconstruct.edible":4,"stat.pickup.minecraft.furnace":1,"stat.pickup.minecraft.tnt":1,"stat.pickup.minecraft.stone":1,"stat.useItem.minecraft.trapdoor":1,"stat.sprintOneCm":56028,"stat.mineBlock.minecraft.stone_slab":5,"stat.craftItem.minecraft.stick":12,"stat.useItem.minecraft.stone_slab":2,"stat.mineBlock.minecraft.tnt":1,"stat.mineBlock.minecraft.stonebrick":95,"stat.craftItem.minecraft.planks":75,"stat.pickup.thaumcraft.crystal_essence":4,"stat.killEntity.Spider":2,"stat.pickup.minecraft.stone_sword":1,"stat.mobKills":18,"stat.useItem.minecraft.stonebrick":24,"stat.mineBlock.minecraft.log":13,"stat.useItem.minecraft.cobblestone_wall":4,"stat.pickup.minecraft.iron_door":1,"stat.drop":3,"stat.mineBlock.minecraft.leaves":8,"stat.playOneMinute":38195,"stat.useItem.minecraft.wooden_sword":17,"stat.pickup.tconstruct.rack":1,"stat.pickup.minecraft.torch":1,"stat.killEntity.Sheep":9,"stat.pickup.thaumcraft.brain":2,"stat.sneakTime":2632,"stat.pickup.thaumcraft.amber":1,"stat.pickup.minecraft.wool":9,"stat.mineBlock.minecraft.cobblestone_wall":6,"stat.killEntity.Zombie":4,"stat.pickup.minecraft.stone_slab":6,"stat.mineBlock.minecraft.stone":27,"stat.mineBlock.minecraft.tallgrass":3}