{"stat.pickup.minecraft.wooden_slab":6,"stat.leaveGame":3,"stat.pickup.natura.overworld_logs2":115,"stat.killEntity.trumpetskeleton.TrumpetSkeleton":1,"stat.mineBlock.rustic.leaves":6,"stat.mineBlock.horsepower.chopping_block":4,"stat.craftItem.minecraft.string":12,"stat.pickup.immcraft.shelf":6,"stat.pickup.primal.flint_point":8,"stat.useItem.minecraft.planks":5,"stat.pickup.minecraft.porkchop":7,"stat.useItem.natura.overworld_sapling2":1,"stat.pickup.minecraft.rotten_flesh":24,"stat.pickup.horsepower.hand_grindstone":2,"stat.pickup.waterstrainer.strainer_base":1,"stat.pickup.natura.materials":1,"stat.craftItem.minecraft.stone_axe":6,"stat.pickup.primal_tech.fibre_torch_lit":6,"stat.drop.progressiontweaks.spear":1,"stat.useItem.primal_tech.charcoal_block":1,"stat.pickup.progressiontweaks.spear":3,"stat.useItem.primal_tech.fire_sticks":13,"stat.mineBlock.horsepower.hand_grindstone":1,"stat.pickup.primal.armor_wolf_body":1,"stat.mineBlock.chisel.marble2":6,"stat.killEntity.ZombieVillager":1,"stat.craftItem.primal.hide_raw":35,"stat.pickup.minecraft.beef":18,"stat.craftItem.primal_tech.work_stump":1,"stat.useItem.rustic.wildberries":20,"stat.useItem.minecraft.dye":1,"stat.pickup.progressiontweaks.tomahawk":5,"stat.useItem.minecraft.beef":1,"stat.pickup.betterwithmods.raw_egg":1,"stat.pickup.horsepower.chopping_block":4,"stat.pickup.minecraft.egg":1,"stat.playOneMinute":211778,"stat.pickup.ferdinandsflowers.block_cff_flowers":1,"stat.pickup.waterstrainer.strainer_survivalist_dense":3,"stat.killEntity.rainbow_golem":1,"stat.pickup.chisel.marble2":6,"stat.mineBlock.minecraft.tallgrass":140,"stat.craftItem.primal.plant_cordage":32,"stat.pickup.waterstrainer.net":3,"stat.pickup.minecraft.pumpkin":2,"stat.mineBlock.primal_tech.work_stump_upgraded":1,"stat.craftItem.minecraft.flint":12,"stat.mineBlock.rustic.slate":3,"stat.pickup.betterwithmods.hemp":5,"stat.pickup.progressiontweaks.flat_bread":3,"stat.fallOneCm":23411,"stat.pickup.minecraft.carrot":31,"stat.useItem.horsepower.chopping_block":2,"stat.mineBlock.rustic.horsetail":1,"stat.crouchOneCm":14269,"stat.useItem.natura.overworld_logs2":1,"stat.useItem.progressiontweaks.flat_bread":3,"stat.useItem.progressiontweaks.spear":5,"stat.useItem.immcraft.chest":5,"stat.mineBlock.progressiontweaks.fire_pit_unlit":2,"stat.pickup.rustic.horsetail":5,"stat.pickup.betterwithaddons.wool":1,"stat.drop.primal_tech.rock":1,"stat.mineBlock.geolosys.ore_sample":4,"stat.useItem.minecraft.reeds":5,"stat.pickup.primal.rush_stems":17,"stat.pickup.minecraft.planks":86,"stat.mineBlock.natura.overworld_logs2":116,"stat.pickup.minecraft.wheat_seeds":8,"stat.craftItem.primal.mud_wet":11,"stat.mineBlock.minecraft.gravel":13,"stat.useItem.minecraft.stone_pickaxe":159,"stat.useItem.minecraft.stone_sword":78,"stat.mineBlock.minecraft.dirt":43,"stat.drop.primal.plant_fiber":1,"stat.craftItem.primal_tech.rock":1,"stat.pickup.primal.mud_clump":44,"stat.pickup.rustic.bee":2,"stat.mineBlock.ferdinandsflowers.block_cff_flowers":1,"stat.mineBlock.mekanism.saltblock":10,"stat.useItem.minecraft.log":1,"stat.useItem.minecraft.cobblestone":130,"stat.useItem.natura.overworld_planks":1,"stat.craftItem.primal.thatching_wet":8,"stat.pickup.minecraft.log":42,"stat.pickup.traverse.brown_autumnal_sapling":2,"stat.pickup.immcraft.chest":13,"stat.pickup.primal.pelt_sheep":1,"stat.drop.minecraft.carrot":4,"stat.mineBlock.natura.overworld_leaves2":459,"stat.drop.minecraft.planks":2,"stat.pickup.minecraft.web":1,"stat.pickup.minecraft.sapling":2,"stat.pickup.minecraft.beetroot":3,"stat.useItem.immcraft.shelf":2,"stat.mineBlock.primal.mud_wet":7,"stat.pickup.natura.overworld_planks":130,"stat.pickup.minecraft.stone_sword":1,"stat.pickup.waterstrainer.strainer_survivalist":2,"stat.mineBlock.minecraft.log":40,"stat.pickup.primal_tech.work_stump":4,"stat.pickup.ferdinandsflowers.block_cff_doublesc":2,"stat.craftItem.primal.thatch_wet":2,"stat.pickup.natura.overworld_sapling2":77,"stat.useItem.betterwithaddons.food_beetroot_baked":1,"stat.pickup.minecraft.red_flower":2,"stat.sneakTime":5925,"stat.useItem.minecraft.baked_potato":3,"stat.pickup.minecraft.cooked_fish":1,"stat.pickup.minecraft.stone_slab":7,"stat.pickup.ferdinandsflowers.block_cff_flowersb":2,"stat.useItem.primal.thatch_wet":1,"stat.pickup.ferdinandsflowers.block_cff_flowersc":1,"stat.pickup.betterwithaddons.food_beetroot_baked":4,"stat.pickup.minecraft.bone":13,"stat.mineBlock.primal.barrel":1,"stat.useItem.primal.mud_wet":9,"stat.craftItem.primal.bark_oak":12,"stat.drop.minecraft.stone_shovel":1,"stat.mineBlock.minecraft.cobblestone":37,"stat.mineBlock.minecraft.pumpkin":1,"stat.pickup.minecraft.stone_pickaxe":2,"stat.pickup.primal_tech.stone_grill":3,"stat.pickup.traverse.yellow_autumnal_sapling":10,"stat.mineBlock.traverse.yellow_autumnal_leaves":4,"stat.swimOneCm":19867,"stat.pickup.minecraft.cooked_porkchop":10,"stat.drop.primal.rush_stems":7,"stat.pickup.primal.barrel":3,"stat.useItem.minecraft.dirt":33,"stat.useItem.primal.flint_hatchet":85,"stat.drop.minecraft.brick":1,"stat.useItem.minecraft.egg":1,"stat.pickup.minecraft.cobblestone":296,"stat.pickup.ferdinandsflowers.block_cff_fungus":9,"stat.useItem.minecraft.stone_shovel":14,"stat.mineBlock.chisel.limestone2":6,"stat.flyOneCm":102097,"stat.pickup.minecraft.fish":1,"stat.pickup.rustic.slate":16,"stat.useItem.minecraft.cooked_beef":1,"stat.mineBlock.traverse.brown_autumnal_leaves":18,"stat.timeSinceDeath":211778,"stat.pickup.wopper.wopper":1,"stat.pickup.rustic.sapling":1,"stat.useItem.minecraft.cooked_porkchop":1,"stat.pickup.mekanism.salt":32,"stat.drop.minecraft.beetroot_seeds":1,"stat.killEntity.Creeper":7,"stat.pickup.minecraft.string":6,"stat.mineBlock.minecraft.grass":11,"stat.pickup.primal.pelt_pig":2,"stat.pickup.tombstone.crafting_ingredient":2,"stat.sprintOneCm":228473,"stat.useItem.primal.flint_workblade":189,"stat.pickup.primal.pelt_cow":7,"stat.mineBlock.minecraft.stone_slab":1,"stat.pickup.primal_tech.wooden_hopper":1,"stat.useItem.minecraft.stone_slab":1,"stat.mineBlock.rustic.wildberry_bush":2,"stat.pickup.primal_tech.rock":4,"stat.useItem.carryon.tile_item":8,"stat.useItem.minecraft.carrot":4,"stat.useItem.progressiontweaks.tomahawk":15,"stat.mineBlock.minecraft.planks":18,"stat.drop":29,"stat.craftItem.primal.flint_hatchet":1,"stat.killEntity.Zombie":10,"stat.diveOneCm":27970,"stat.pickup.minecraft.wheat":7,"stat.pickup.primal_tech.fibre_torch":19,"stat.mineBlock.traverse.red_autumnal_leaves":1,"stat.mineBlock.ferdinandsflowers.block_cff_doublesc":1,"stat.mineBlock.ferdinandsflowers.block_cff_flowersc":1,"stat.pickup.primal_tech.fluid_bladder":1,"stat.pickup.minecraft.gravel":13,"stat.pickup.minecraft.stone_axe":1,"stat.craftItem.pickletweaks.grass_mesh":2,"stat.useItem.immcraft.rock":5,"stat.pickup.minecraft.brick":2,"stat.jump":915,"stat.useItem.minecraft.sand":5,"stat.pickup.immcraft.rock":36,"stat.pickup.primal.flint_pickaxe":1,"stat.pickup.primal_tech.fire_sticks":1,"stat.mineBlock.natura.overworld_sapling2":2,"stat.drop.natura.overworld_slab2":3,"stat.pickup.betterwithmods.material":4,"stat.pickup.progressiontweaks.fire_pit_unlit":2,"stat.mineBlock.natura.overworld_planks":1,"stat.useItem.minecraft.stone_axe":352,"stat.pickup.minecraft.gunpowder":2,"stat.useItem.betterwithaddons.food_carrot_baked":1,"stat.pickup.minecraft.spider_eye":1,"stat.pickup.minecraft.dirt":59,"stat.pickup.minecraft.stone_shovel":1,"stat.useItem.minecraft.sapling":1,"stat.mineBlock.immcraft.rock":17,"stat.pickup.primal.plant_fiber":100,"stat.craftItem.immcraft.rock":9,"stat.damageTaken":800,"stat.mineBlock.minecraft.torch":1,"stat.mineBlock.minecraft.red_flower":1,"stat.mineBlock.ferdinandsflowers.block_cff_fungus":3,"stat.pickup.primal.flint_knapp":13,"stat.pickup.pickletweaks.grass_mesh":1,"stat.pickup.primal.terra_clump":4,"stat.pickup.minecraft.potato":10,"stat.drop.natura.overworld_sapling2":5,"stat.pickup.primal.flint_workblade":1,"stat.mineBlock.primal_tech.stone_grill":1,"stat.mineBlock.primal_tech.work_stump":4,"stat.mineBlock.primal_tech.fibre_torch_lit":2,"stat.damageDealt":6290,"stat.killEntity.Cow":7,"stat.craftItem.horsepower.chopping_block":2,"stat.killEntity.Pig":3,"stat.mineBlock.primal.rush":6,"stat.useItem.minecraft.air":79,"stat.walkOneCm":831514,"stat.pickup.minecraft.stick":254,"stat.pickup.minecraft.clay_ball":64,"stat.pickup.primal.mud_wet":15,"stat.pickup.natura.overworld_slab2":3,"stat.pickup.primal.rush_seeds":6,"stat.craftItem.primal_tech.fire_sticks":23,"stat.pickup.minecraft.baked_potato":5,"stat.useItem.primal_tech.clay_kiln":1,"stat.mineBlock.integrateddynamics.menril_leaves":2,"stat.pickup.minecraft.cooked_beef":2,"stat.drop.primal.armor_wolf_body":1,"stat.useItem.primal_tech.fibre_torch_lit":17,"stat.killEntity.Spider":6,"stat.mobKills":43,"stat.mineBlock.primal_tech.clay_kiln":2,"stat.useItem.betterwithmods.cooked_egg":1,"stat.mineBlock.geolosys.ore_sample_vanilla":4,"stat.pickup.primal_tech.work_stump_upgraded":1,"stat.pickup.minecraft.beetroot_seeds":6,"stat.mineBlock.minecraft.leaves":16,"stat.pickup.primal_tech.clay_kiln":5,"stat.useItem.traverse.yellow_autumnal_sapling":7,"stat.drop.minecraft.beef":1,"stat.pickup.rustic.ironberries":1,"stat.mineBlock.minecraft.stone":120,"stat.mineBlock.immcraft.sticks":4,"stat.craftItem.primal.terra_block":1}